Part Number,Quantity,Manufacturer
GRM155R71C104KA88D ,8000000 ,Murata 
RC0805JR-073M3L ,5092000 ,Philips 
GRM155R71E103KA01D ,2320880 ,Murata Electronics 
C0402C100J5GAC3121 ,1810000 ,Kemet 
CL21A106KPFNNNE ,1014000 ,Samsung 
CC0603KRX7R8BB104 ,1004000 ,YAGEO 
GCM188R71H473KA55D ,1000000 ,Murata 
223858615623 ,944000 ,Philips 
08052R104K8B20D ,900000 ,Philips 
GRM033R71H102KA12D ,898330 ,Murata 
GCM21BR71A106KE22L ,839500 ,Murata 
GCM21BR70J106KE22L ,810000 ,Murata 
GRM188R61A105KA61D ,624000 ,Murata 
C0402C103K3RAC ,570000 ,Kemet 
GRM155R71H222KA01D ,560000 ,Murata 
CRCW040233K0FKEDHP ,500000 ,VISHAY 
GCM188R71H682KA37D ,500000 ,Murata 
GCM31CR70J226KE23L ,467969 ,Murata 
GRM155R61A475MEAAD ,454994 ,Murata 
GRM1555C1H221JA01D ,441622 ,Murata 
223858615618 ,440000 ,Philips 
GCJ31CR71E475KA12L ,400000 ,Murata 
RC0603JR-073K6L ,400000 ,Yageo 
GRM21BR71A225KA01L ,348274 ,Murata 
BYD17G ,344000 ,Philips 
GCM155R71H103KA55D ,305000 ,Murata 
1N4007-PSD-T ,300000 ,PSD 
C1608X7R1H104K080AA ,300000 ,TDK 
SG731JTTD2R2K ,300000 ,KOA 
GCM188R71H102KA37D ,284000 ,Murata 
GCM188R71H103KA37D ,260000 ,Murata 
232273263923 ,250000 ,Philips 
CGA3E2X7R1H104K080AA ,240000 ,TDK 
GCM32ER70J476KE19L ,210000 ,Murata 
GCM155C71A474KE36D ,201080 ,MURATA 
"BAT54,215 ",201000 ,Nexperia 
GCM21BC71A475KA73K ,201000 ,Murata 
RK73B1ETTP472J ,200001 ,KOA 
GCJ31CR71C106KA15L ,196998 ,Murata 
06035C104K4Z2A ,180000 ,AVX 
C2012C0G1H180JT ,180000 ,TDK 
CC0805KKX7R6BB475 ,180000 ,Yageo 
GCM21BR71E225KA73L ,150000 ,Murata 
232273263903 ,144940 ,Philips 
RC0805FR-075K6L ,135000 ,Yageo 
RC0805JR-07330RL ,135000 ,Philips 
GCM188R71H333KA55D ,126095 ,Murata 
CL32B334KCNE ,120000 ,Samsung 
RC0603FR-0733KL ,120000 ,Yageo 
RC0805FR-073K9L ,120000 ,Yageo 
ERJ-8ENF2741V ,112195 ,Panasonic 
06035C104K4Z4A ,105000 ,AVX 
CC0805KKX7R6BB225 ,102000 ,Yageo 
GCM188R71H103KA37J ,100000 ,Murata 
GCM31CR71C475KA37L ,100000 ,Murata 
GCM31CR71E475KA55L ,100000 ,MURATA 
RC0805FR-0756KL ,100000 ,Yageo 
GRM155C71A105KE11D ,97167 ,Murata 
ERJ6ENF2701V ,96113 ,Panasonic 
242254942353 ,94000 ,Murata 
08055A100JAT2A ,92000 ,AVX / Kyocera 
222258015614 ,92000 ,Yageo 
ERJ-2GEJ472X ,91060 ,Panasonic 
MMT223J50AK ,84000 ,Nissei 
RK73H2ATTD2701F ,82697 ,KOA 
CL32B224KCNE ,82250 ,Samsung 
293D335X9016B2TE3 ,80000 ,VISHAY 
C0603C681K5RAC3121 ,80000 ,Kemet 
CGA4J1X7R0J106K125AC ,80000 ,TDK 
CRCW120610R0JNEAIF ,80000 ,VISHAY 
GRM188R71E474KA12D ,76660 ,Murata 
C1608X7R1H104K080AE ,76000 ,TDK 
GRM31CR71A226ME15L ,75948 ,Murata Electronics 
RC0805FR-07 ,75000 ,Yageo 
BYD17M ,74000 ,Philips 
ERJ-8ENF33R0V ,65000 ,Panasonic 
RC0805FR-075R6L ,65000 ,Yageo 
ECQV1H104JZ3 ,62000 ,PANASONIC 
ERJ-6ENF1873V ,58684 ,Panasonic 
BZX84-C6V2 ,57000 ,Philips 
GCM188R71H102KA37J ,56000 ,Murata 
CGA2B2X7R1E103K050BA ,55539 ,TDK 
RC1206FR-071R2L ,55000 ,Yageo 
C0402C225M9PACTU ,54000 ,Kemet 
ERJ-14YJ1R0U ,53900 ,Panasonic 
2238 861 15101 ,52000 ,Yageo 
C0603C331K5RAC ,52000 ,KEMET 
BC548-ATA ,50000 ,Fairchild 
CRCW0603220RUKEATR ,50000 ,Vishay 
ERJ14NF62R0U ,50000 ,Panasonic 
GCM188R71E104KA57D ,50000 ,MURATA 
RC1005J300CS ,50000 ,Samsung 
CRM2512-JW-220ELF ,48000 ,BOURNS 
GCJ31CR71E106KA22L ,48000 ,Murata 
"BAS521,115 ",45000 ,Nexperia 
ERJ-14YJ221U ,44557 ,Panasonic 
CC0603KRX7R9BB472 ,44000 ,Yageo 
RC1206FR-07220RL ,40000 ,Yageo 
GCJ21BR71H105KA01L ,39000 ,MURATA 
GCM32ER71E106KA57L ,39000 ,MURATA 
293D226X9016B ,36000 ,Vishay 
TPS71525QDCKRQ1 ,36000 ,TI 
UPR2D470MHH1CA ,34344 ,Nichicon 
"BCX56-16,115 ",33853 ,Nexperia 
M24C16-WMN6T ,33173 ,STM 
C1206C104K1RACTU ,32121 ,Kemet 
GRM39C0G220G50PT ,31557 ,Murata 
GRM1885C1H8R2BA01D ,30560 ,Murata 
C3225X7R1E106K250AC ,30000 ,TDK 
RC0603FR-072K7L ,30000 ,Yageo 
GCM188R71E473KA37 ,29000 ,Murata 
1-480699-0 ,28500 ,TE Connectivity 
NRC06J5R1TR ,25000 ,NIC Components Corp. 
RK73H2BTTD33R0F ,25000 ,KOA 
927771-3 ,24000 ,TE / AMP 
P6KE68CA-E3/73 ,24000 ,VISHAY 
M24C16-WMN6 ,23364 ,STM 
GRM188R71H332KA01D ,22540 ,Murata 
HEF4046BTD ,21090 ,Philips 
INA-54063-TR1 ,21000 ,Agilent Technologies 
TB180445 ,21000 ,TDK 
GCM1555C1H1R8BA16D ,20959 ,Murata 
1210X105K250SNT ,20000 ,Capax Technologies 
C1608C0G1H220GT ,20000 ,TDK 
C2012X7R1A106K125AC ,20000 ,TDK 
CF1/2225JT52 ,20000 ,KOA 
CF25-221JTR ,20000 ,Yageo 
GCM155R71H223KA55D ,20000 ,Murata 
GCM1885C1H9R0BZ13D ,20000 ,MURATA 
IEC384-14 ,20000 ,Vertronics 
PLED18Q12 ,20000 ,Littelfuse 
RC0805FR-073R3L ,20000 ,Yageo 
TZMC5V1-GS08 ,19300 ,Telefunken 
LMK325ABJ107MMHT ,18494 ,Taiyo Yuden 
NCP1271D100R2G ,17500 ,ON SEMI 
GCM155R71E103KA37D ,16610 ,Murata 
C2012C0G1H100D ,16000 ,TDK 
CF1/2102JT52 ,16000 ,KOA 
BFC233862103 ,15000 ,VISHAY 
MC74HC132ADR2G ,15000 ,ON SEMI 
MMSZ4713T1G ,15000 ,ON Semi 
GCJ32EC71H106KA01L ,13695 ,MURATA 
250R05L5R6BG4S ,13500 ,Johanson Tech. 
560124-0101 ,13500 ,Molex 
GCM21BR71A106KE22K ,13000 ,Murata 
EN80C186XL20 ,12901 ,Intel 
C0603S103K5RAC3112 ,12000 ,KEMET 
GCJ31MR71H105KA12L ,12000 ,Murata 
GCM188C71A225KE02D ,12000 ,Murata 
MF0207FTE52(360R) ,12000 ,Yageo 
B72510T9200S172 ,11898 ,Epcos 
C0603C682K5RACAUTO ,11842 ,Kemet 
STP3NA80 ,11593 ,ST Micro 
M24C32-BN6 ,11290 ,STM 
EF68B40PV ,11260 ,ST Micro 
1274223-1 ,10800 ,TE Connectivity 
BAT54AWFILMY ,10000 ,ST 
BK1005HS601-T ,10000 ,TAIYO YUDEN 
BZX55C33/D8 ,10000 ,"General Semiconductor, Inc. "
CRCW040268R1FKED ,10000 ,VISHAY 
CRCW080510K0FKEA ,10000 ,Vishay 
CRCW08054320FRT1 ,10000 ,Vishay 
HZS6C2LTA ,10000 ,HITACHI 
SP0203-R15K ,10000 ,TDK 
TDA7073AT/N4 ,10000 ,PHILIPS 
TLRME50T ,10000 ,Toshiba 
RK73H2BTTD2741F ,9800 ,KOA 
626034-2 ,9690 ,TE Connectivity 
OPA277UA/2K5 ,9000 ,Texas Instruments 
SMBJ28CAHE3/52 ,9000 ,Vishay 
VNB35N07TR-E ,8926 ,STM 
MAX823SEUK-T ,8026 ,Maxim Integrated 
0805CC471KAT3A ,8000 ,AVX / Kyocera 
12062R182K9B20D ,8000 ,Philips 
41532 ,8000 ,TE Connectivity 
CL31C221JBNC ,8000 ,SAMSUNG 
LQH31CNR47M03L ,8000 ,MURATA 
LQW18AN47NG00D ,8000 ,MURATA 
FM93C46EN ,7859 ,Fairchild 
1SMB5.0AT3 ,7538 ,ON Semiconductor 
CAT24WC16P ,7250 ,Catalyst 
EB2-48NU-L ,7000 ,NEC 
EEU-FM1E221BJ ,7000 ,Panasonic 
M24C16-BN6 ,6940 ,STM 
444313-1 ,6240 ,TE Connectivity 
163680-1 ,6000 ,TE / TYCO 
350561-1 ,6000 ,TE Connectivity 
BAS40-06 ,6000 ,ITT General Semiconductors 
BC638 ,6000 ,Philips 
BC846BT115 ,6000 ,NXP 
BZX84-B18 ,6000 ,Philips 
HPWS-FL00 ,6000 ,Philips 
7-1452665-1 ,5935 ,TE 
UDZSTE-1710B ,5890 ,ROHM 
ERJ-6GEYJ222V ,5759 ,Panasonic 
GCJ21BR71H105KA01 ,5625 ,MURATA 
MR2520LRL ,5600 ,ON SEMI 
SCD1005T-681K-N ,5600 ,YAGEO 
GRM1885C1H101GA01J ,5363 ,Murata 
170043-2 ,5000 ,TE / TYCO 
2237 661 663011 ,5000 ,PHILIPS 
232275061009 ,5000 ,Philips 
243A322782040M3 ,5000 ,Vishay 
243A32535404043 ,5000 ,ROHM 
4400 ,5000 ,Arlington 
B37940-K5470-J60 ,5000 ,Epcos 
CFS1/4CT52A182J ,5000 ,KOA / Speer 
CR16-3R48-FL ,5000 ,ASJ 
CRCW08054K12FKEA ,5000 ,VISHAY 
GCM1555C1H471JA16D ,5000 ,Murata 
GCM1555C1H5R6CZ13D ,5000 ,MURATA 
GCM32ER71H475KA55L ,5000 ,Murata 
GRM1555C1H1R5CA01D ,5000 ,Murata 
M93C46-MN6T ,5000 ,STM 
RC0805FR-0724RL ,5000 ,Yageo 
RK73B1JTTD332J ,5000 ,KOA 
RK73H1ETTP1002F ,5000 ,KOA 
RK73H1ETTP1003F ,5000 ,KOA 
RK73H1ETTP14R0F ,5000 ,KOA 
RM06F3740CTLF ,5000 ,Cal-Chip Electronics 
RM06F7502CTLF ,5000 ,Cal-Chip Electronics 
TDA7052/N2 ,5000 ,Philips 
177914-1 ,4900 ,Tyco Electronics 
RK73H2BTTD5600F ,4849 ,KOA 
5-103166-3 ,4800 ,TE / AMP 
RK73B2ETTD751J ,4795 ,KOA 
SST29LE020-200-4I-EH ,4680 ,SST 
CC1206MKX7R6BB226 ,4589 ,Yageo 
CR0603-47R0FTR ,4500 ,YAGEO 
ECJ0EC1H010C ,4500 ,Panasonic 
ATMEGA328PB-MNR ,4494 ,MICRO 
RK73H2ALTD7681F ,4440 ,KOA 
M24C08-WMN6 ,4400 ,STM 
GCM1885C1H101FA16D ,4363 ,Murata 
BF485PN ,4251 ,PHILIPS 
ERJ-3EKF3162V ,4184 ,Panasonic 
SZ1SMB28CAT3G ,4158 ,On Semi 
BD679AG ,4100 ,ON Semiconductor 
C1608CH2E122J080AA ,4000 ,TDK 
CC0603KRX7R6BB105 ,4000 ,YAGEO 
CGA3E3C0G2E122J080AE ,4000 ,TDK 
CL21C102JBNC ,4000 ,Samsung 
CRCW201030R1F ,4000 ,Astec 
EEE-FK1K100P ,4000 ,Panasonic 
GRM1885C1H180FA01D ,4000 ,Murata 
GRM1885C1H4R7BA01D ,4000 ,Murata 
LQW18AN27NJ00D ,4000 ,Murata 
TDA7053AT/N2 ,4000 ,Philips 
C0603C122GAGACTU ,3990 ,Kemet 
GCM155R71H102KA37D ,3990 ,MURATA 
C1608C0G2E122K080AA ,3950 ,TDK 
M24C64-MN6 ,3942 ,ST Micro 
C1608NP02E122J080AA ,3920 ,TDK 
GCM188R72A104KA64D ,3600 ,MURATA 
60110741 ,3500 ,DELPHI / FCI 
RK73Z2ATTDD ,3400 ,KOA 
RK73B1ETTP103J ,3200 ,KOA 
GCM31CR71H225KA55L ,3067 ,Murata 
C13-0264-156 10uF ,3022 ,Nippon-Chemicon 
0230-800 ,3000 ,Littelfuse 
08055A101JAT2A ,3000 ,AVX 
1SV322 ,3000 ,Toshiba 
9C08052A7150FKHFT ,3000 ,Yageo 
ATMEGA165-16AU ,3000 ,Atmel 
BAS16E6327 ,3000 ,Infineon Technologies 
"BUK9Y25-80E,115 ",3000 ,Nexperia 
BZX84-B15 ,3000 ,Philips 
GCM1885C1H471JA16D ,3000 ,Murata 
M24C16-MN6 ,3000 ,STM 
SD05T1G ,3000 ,ON Semiconductor 
SMV1234-011LF ,3000 ,Skyworks 
UC1112H- 11-PR ,2995 ,Stanley Electric Co. 
VCAS080514C300DP ,2900 ,AVX 
C1608C0G2E122J080AA ,2737 ,TDK 
M24C32-WMN6T ,2580 ,ST Micro 
CSD17552Q3A ,2547 ,TI 
"74HC139PW,118 ",2500 ,Philips 
BYV95C ,2500 ,"General Semiconductor, Inc. "
TLE4275DNT ,2500 ,Infineon 
SMUN5233DW1T1G ,2415 ,On Semi 
SSM2166SZ-REEL ,2407 ,Analog Devices 
MAX6365PKA26 ,2288 ,Maxim Integrated 
28C0236-0DW ,2118 ,Steward 
M24C32-WMN6 ,2116 ,ST Micro 
APSF6R3ELL821MF08S ,2100 ,Chemi-Con 
293D226X96R3A2T ,2000 ,Vishay 
54001801 ,2000 ,FCI-Berg 
AVR-M2012C220KT6AB ,2000 ,TDK 
C2012X7R1H224K125AA ,2000 ,TDK 
C3216X7R0J226KT0Y9E ,2000 ,TDK 
HFA30PB120PBF ,2000 ,Vishay 
NL322522T-R47K ,2000 ,TDK 
SDA5650 ,2000 ,Infineon 
SN74HC08PWR ,2000 ,TI 
UUG1C102MNR1MS ,2000 ,Nichicon 
VJ1206Y103KXAMT ,2000 ,Vishay 
M24C64-MN6T ,1955 ,STM 
RK73H2BTTD4R70F ,1839 ,KOA 
ERJ-6ENF2002V ,1748 ,Panasonic 
CU1D151MCDANG (20S... ,1600 ,Sanyo/Os-Con 
GRM31CR71A106KA01L ,1574 ,Murata 
M22759/16-14-9 ,1562 ,Theramax / Harbour 
13544535 ,1500 ,Delphi 
1843 ,1500 ,Heyco 
MHS06034WH00*T ,1500 ,FCI / Aptiv 
PTZTE2518B ,1500 ,ROHM 
SN74AC08PWR ,1500 ,Texas Instruments 
T491X686K020AS ,1500 ,Kemet 
LTR18EZPJ102 ,1431 ,ROHM 
LCBS-TF-08-01 ,1420 ,Astec / Essentra Components 
MC13143DR2 ,1400 ,Motorola 
TDA9811/V4 ,1400 ,Philips 
TLP734 ,1400 ,Toshiba 
NVTFS5116PLTAG ,1399 ,ON Semi 
TJA1028TK/5V0/20/1 ,1309 ,NXP 
GRM21BR60J226ME39L ,1301 ,Murata 
AMB1608C3600Z10AT ,1300 ,FDK 
UA78S40PC ,1300 ,Motorola 
ISD2540S ,1284 ,ISD 
LTS25-NP ,1269 ,LEM 
CC0805KRX7R9BB102 ,1245 ,YAGEO 
TD62308AP ,1212 ,TOSHIBA 
010-7470 ,1200 ,Waterway 
74ACT161SC ,1155 ,Fairchild 
102618-1 ,1083 ,TE / Tyco 
CC430F6126IRGCR ,1004 ,TI 
597 ,1000 ,Deringer 
157-00143 ,1000 ,Hellermann Tyton 
31903 ,1000 ,TE Connectivity 
4402 ,1000 ,Arlington 
913105 ,1000 ,EUROHM 
AZ23C5V1-7.FDICT-ND ,1000 ,Diodes Incorporated 
CF61B0201-2326-14/B69... ,1000 ,TDK 
ECWF4394JL ,1000 ,PANASONIC 
GRP120NF18 ,1000 ,Alpha Wire 
HEF4053BTD ,1000 ,Philips 
KSL3F330K-L516B ,1000 ,AEC 
M30624FGAGP#U3 ,1000 ,RENESAS 
MT28F640J3RG-12ET ,1000 ,"Micron Technology, Inc. "
MT46V32M16CY-5B J ,1000 ,"Micron Technology, Inc. "
MV8114 ,1000 ,Everlight 
NY-5G-53-20 ,1000 ,Hartwell / SouthCo 
NY-5P-53-1-50 ,1000 ,Hartwell / SouthCo 
QS3383SOX ,1000 ,Quality Semiconductors 
SAA5254P/T/M1C ,1000 ,Philips 
T491D157K006AT ,1000 ,Kemet 
TCD41E1H475M ,1000 ,Nippon Chemi-Con 
XTD66AKZ1 ,1000 ,SAIA Burgess 
ZVNL110ASMTA ,1000 ,Zetex 
TDA7052 ,999 ,Philips 
GRM32ER71H475KA88L ,995 ,MURATA 
RI-TRP-V9WK-00 ,995 ,TI 
182-2103 ,990 ,Farnell / TE 
ECA-2GHG2R2B ,990 ,Panasonic 
MT46V2M32VILG-6 ,976 ,"Micron Technology, Inc. "
C2012X7R1H473KT0Y9N ,905 ,TDK 
3061P05B2T ,885 ,Winland (Landwin) 
ETQ-P4M220YFP ,825 ,Panasonic 
350687-1 ,810 ,AMP / TE 
KCH3F180K-L516B ,800 ,AEC 
KSL3F220K-L516B ,800 ,AEC 
KSL3F270K-L516B ,800 ,AEC 
KSL3F390K-L516B ,800 ,AEC 
TSL3A150K-L516B ,800 ,AEC 
TSL3A270K-L516B ,800 ,AEC 
MLX91208LDC-CAH-000-... ,772 ,MELEXIS 
A466-29 ,750 ,Seastrom 
LM53625MQRNLTQ1 ,750 ,TI 
NTH407CR ,708 ,Pulse 
15326900 ,700 ,DELPHI / FCI 
ERJ-1GE0R00C ,700 ,Panasonic 
GP55-3322-FTW ,700 ,RCD Components 
TDA9814T/V3 ,700 ,Philips 
M27C512-20B1 ,689 ,STM 
3-640427-3 ,681 ,TE Connectivity 
AM29LV400BB-90EC ,680 ,AMD 
AMP 3-640442-2 ,660 ,TE / Tyco 
CD4051BCMTC ,650 ,Fairchild 
BFP640ESDH6327 ,631 ,Infineon 
207719-1 ,626 ,Tyco/AMP 
10035690-002-4WLF ,624 ,FCI / Amphenol 
DS26LV32ATM ,614 ,NSC 
163J16519X-S ,580 ,CONEC Elektronische Bauelemente Gmbh 
7AM209A5 ,537 ,Texas Instruments 
AJ1-X0-08-601-5P3-D ,521 ,CarlingSwitch 
RY530005 ,519 ,TE 
533980271 ,516 ,Molex 
BACC47CN2 ,516 ,Spacecraft Components Corp. 
222213538221 ,500 ,Vishay 
2N3700JANTX ,500 ,Semicoa 
75P203 ,500 ,Spectrol / Vishay 
8214-SS-0632 ,500 ,Amatom Electronic Hardware 
AQY210KS ,500 ,Pewa 
DRV8432DKDR ,500 ,Texas Instruments 
EEUFC2A101B ,500 ,Panasonic 
ERJ-8ENF6811V ,500 ,Panasonic 
NAS1101E00-3 ,500 ,B&B 
P26/16-3C81 ,500 ,Ferroxcube 
PBL38620/1R1 ,500 ,Ericsson 
SDA5650X ,500 ,Siemens 
TP-101-10-T ,500 ,Components Corporation 
NE555N ,492 ,Philips 
30BQ015TRPBF ,484 ,Vishay 
TOL-C152DSW14BD ,476 ,Taiwan Oasis 
1393533-2 ,450 ,TE Connectivity 
MBU20 ,450 ,FARNELL 
ISL6559CR ,447 ,Intersil 
UPD78F1804AK8A-3B4-G ,439 ,Renesas 
DIN65339-05015B ,419 ,LISI Aerospace 
MMBZ27VCLT1G ,418 ,ON SEMI 
74S32PC ,415 ,Fairchild Semiconductor 
SN74F32N ,415 ,Texas Instruments 
TSOP18385-B3 ,414 ,Vishay 
BACN10JR3CW ,401 ,ALCOA Fastening Systems 
1N4007 ,400 ,General Semi 
851P935852R0100 ,400 ,Astec 
DTSM-32NVR3 ,400 ,Diptronics 
FPH1-7104NC ,400 ,FUJITAKA 
MSM82C55A-2RS ,400 ,OKI 
PCF8574P ,400 ,Philips 
RL255-B ,400 ,MICROSEMI 
1-794615-6 ,392 ,TE Connectivity 
SSM2166 ,392 ,Analog Devices 
BYX90G ,375 ,Hitachi 
PAA150P ,375 ,Clare 
CC1206KKX7R8BB106 ,372 ,Yageo 
3c90 ,369 ,Ferroxcube 
MB96F356RSBPMC1-GS... ,360 ,Cypress Semiconductor Corp. 
M27C512-12F1L ,351 ,STM 
GCM1885C2A102JA16D ,350 ,Murata 
L-1503CB/1LYD ,340 ,Kingbright 
MUR1100ERL ,339 ,On Semi 
15326836 ,334 ,Delphi 
SMA5J6.0CA-E3/61 ,320 ,VISHAY 
M24C64-WMN6 ,317 ,ST Micro 
55959-1830 ,312 ,Molex 
PCF8574T ,307 ,Philips / NXP 
24C32W6 ,300 ,STM 
BD4746G-TR ,300 ,ROHM 
ECEA1AKS101 ,300 ,PANASONIC 
MS28778-6 ,300 ,Parker 
RNC50J1690DS ,300 ,Vishay 
39281163 ,298 ,MOLEX 
75869-130 ,298 ,FCI-Berg 
VNB20N07 ,287 ,STMicroelectronics 
1N5615/1 ,283 ,"General Semiconductor, Inc. "
5-103166-4 ,272 ,TE / Tyco 
SJ-5306 ,269 ,Eurocopter / 3M 
B82464G4104M ,250 ,Epcos 
LM53635MQRNLTQ1 ,250 ,TI 
PC44ER9.5/5-Z ,250 ,TDK 
SN74LS00N ,248 ,National Semiconductor 
PC82C251TD ,242 ,NXP 
AM28F010A-120JI ,240 ,AMD 
M27C4001-10B1 ,240 ,STM 
HY57V643220CT-47 ,228 ,Hynix 
SN74LS12N ,220 ,Motorola 
42-12-LF ,213 ,Birtcher 
PC87351-ICK/VLA ,213 ,National Semiconductor 
ECA2AM4R7 ,203 ,Microsemi 
045102.5MRL ,200 ,Littelfuse 
60279-1 ,200 ,TE Connectivity 
640903-1 ,200 ,TE Connectivity 
7145-0049 ,200 ,SUMITOMO 
C9930-80003 ,200 ,Hewlett Packard 
CNTL10XW102M ,200 ,Murata 
CNY17-4 ,200 ,Infineon 
E0737B0816 ,200 ,Eurocopter 
LMC555CMM/NOPB ,200 ,National Semiconductor 
04022R222J9B200 ,197 ,Philips 
SS-400-1-4ST ,197 ,Swagelok 
87832-1620 ,196 ,Molex 
QS5920APA ,195 ,Integrated Device Technology 
H1200 ,190 ,Pulse 
LTC1384CSW#PBF ,180 ,Linear 
85200053990 ,160 ,Astec 
74F164N ,155 ,Philips and Signetics Corp. 
3mmX10.5mm ,150 ,Alegro 
480054-3 ,150 ,Tyco/AMP 
91910-21569 ,150 ,FCI-Berg 
AT24C64BN10SU1.8 ,150 ,Atmel 
EEU-FC1C331 ,150 ,Panasonic 
EEU-FR1V471L ,150 ,Panasonic 
HSMG-C670 ,150 ,Hewlett Packard 
MPSS156-7-B ,150 ,Pancon Corporation 
SM3 x 8-2701 ,150 ,Hex Seal 
TOL-30AUWDCOA ,150 ,Taiwan Oasis Technology Co. 
HM1-65162C/883 ,149 ,Intersil 
R76PI2820SE30K ,149 ,Arcotronics 
MPSS156-9-B ,146 ,Pancon Corporation 
SPUJ19316A ,146 ,N/A 
851A832009R1800 ,144 ,ASTEC 
M27C4001-10F1 ,144 ,STM 
D38999-24MB5PN ,143 ,Deutsch 
TCM129C23DW ,140 ,Texas Instruments 
NTH411BY ,127 ,Pulse 
H8/338 ,124 ,Hitachi / Renesas 
PSB21553EV1.4-G ,123 ,INTEL 
B035JU182A90 ,120 ,ASTEC 
HE501N09AP3 ,120 ,Souriau 
1-111623-1 ,119 ,TE Connectivity 
NAS514P632-8 ,119 ,National Aerospace 
1N5615 ,115 ,"General Semiconductor, Inc. "
M39029/29-214-08-PS ,110 ,Amphenol / AVX 
TE28F008-BVB90 ,107 ,INTEL 
ESQ-132-12-G-D ,103 ,Samtec 
N13-44T-00028-R1-33 ,102.096 ,New England Wire Technologies Corp. 
21-129-J ,100 ,Ferronics Inc. 
2283210 ,100 ,Escubedo 
2283310 ,100 ,Escubedo 
25C166 ,100 ,STM 
51065-0300 ,100 ,Molex 
5404.01 ,100 ,Escubedo 
5410.01 ,100 ,Escubedo 
5819.01 ,100 ,Escubedo 
8348 ,100 ,HH Smith 
B1UR5816A ,100 ,AVX / Kyocera 
BK/C515-2.25A ,100 ,Bussmann 
C0402C160J3GAC3810 ,100 ,Kemet 
EEU-EB1J2R2 ,100 ,Panasonic 
EEU-FC1C102S ,100 ,Panasonic 
ERJ-2RKF1000X ,100 ,Panasonic 
G6S-2-Y DC5 ,100 ,Omron 
G88D40P7MKAL ,100 ,ITT Cannon 
IR25604SPBF ,100 ,Infineon 
ISL9R3060G2 ,100 ,Fairchild 
J412-6WM (M39016/9-01... ,100 ,Teledyne Relais 
MAX824LEUK+ ,100 ,Maxim Integrated 
MAX903ESA ,100 ,Maxim Integrated 
MPSS-156-15-CB ,100 ,ITW Pancon 
OPA2137UA ,100 ,Texas Instruments 
RS3J0RNP ,100 ,N/A 
RS3J22RNP ,100 ,N/A 
TLP620-4GB ,100 ,Toshiba 
UPW1V221MPD6 ,100 ,Nichicon 
AJ1-X0-05-907-XP3-D ,97 ,Carlingswitch 
Junta Torica ,96 ,Epidor 
Swehand General Size 7 ,96 ,Swehand 
P81AB ,94 ,National Semiconductor 
CR3253-5-05 ,93 ,Logix Gulf Aviation 
TDA8574T ,91 ,NXP Semiconductor 
30260281000 ,90 ,TE 
7165-0001 ,90 ,Sumitomo 
C22J13S205DQF ,90 ,ITT / C&K 
CY7C025E-25AXI ,90 ,Cypress Semiconductor Corp. 
MS3181-20NA ,90 ,SunBank 
BS800NN ,88 ,Canal Electronics 
NTH524AC ,87 ,PULSE 
9330006104 ,86 ,HARTING 
LXT304APE ,86 ,Intel 
103673-3 ,84 ,TE Connectivity 
DS3316P-473MLB ,80 ,Coilcraft 
ECA-1CHG470 ,80 ,Panasonic 
UPW1H331MPD ,80 ,Nichicon 
A1071BUFF ,79 ,USECO 
PCF8562TT/2-T ,76 ,Philips / NXP 
NTT431AD ,72 ,Pulse 
0462-201-16141 ,70 ,TE DEUTSCH 
ASC5730Y ,70 ,Alegro 
SF4521-6006 ,70 ,SV Microwave 
Symbol-Touch-14 ,70 ,Motorola 
TC5564APL-15 ,70 ,Toshiba 
UPT2W151MRD6 ,70 ,NICHICON 
MS3180-10CA ,68 ,Glenair 
MWD130097831 ,68 ,Schneider Electric 
CYP15G0401DX-BGC ,64 ,Cypress Semi 
620312129470 ,63 ,Bourns/RUF 
AQ302934 ,62 ,Artus 
3S3120 ,59 ,Kayer 
ABCIRP1620KLKP3 ,58 ,AB Connectors 
UPD78P0308GC-8EU-A ,58 ,Renesas / NEC 
VP41BA103FAT ,55 ,Boran Tech 
PAL16L8BCN ,54 ,Lattice Semiconductor 
HA2-2622-2 ,52 ,Intersil 
MC145407P ,52 ,Motorola 
123-56LD-A13 ,50 ,Daewon 
8242-4132 ,50 ,Sumitomo 
ADC12040CIVY ,50 ,National Semiconductor 
APT80GA90LD40 ,50 ,Microsemi / Microchip 
CBD3W3F00000 ,50 ,"Positronic Industries, Inc. "
CRCW120668R0FKEA ,50 ,Vishay 
EEUFC1V121BJ ,50 ,Panasonic 
NAS514P440-8P ,50 ,National Aerospace 
NAS679A3 ,50 ,Alcoa 
NK25A11192 ,50 ,Winchester Electronics 
RD14/RDF50/ERD ,50 ,Astec 
RMC18-103JT ,50 ,N/A 
CR17345 ,48 ,Duracell 
XC2S200E-7PQ208C ,48 ,Xilinx 
MAX1649CSA ,47 ,Maxim Integrated 
2600LA50A ,46 ,CKE 
DBM9W4S ,46 ,ITT CANNON 
MC74F164N ,45 ,Motorola 
87333-2220 ,42 ,Molex 
DS5022P-103MLB ,42 ,Coilcraft 
EK B 3D 331K 06 FF1 ,42 ,Samwha 
MT16LSDT6464AY-13ED2 ,42 ,"Micron Technology, Inc. "
SMLJ11CA ,42 ,Microsemi 
100562.01 ,40 ,Vossloh-Schwabe 
19003-0011 ,40 ,Molex 
2501P1300T ,40 ,Winland (Landwin) 
5586/61110M ,40 ,Steab 
B65652BT2 ,40 ,Siemens 
CBD7W2M20000 ,40 ,"Positronic Industries, Inc. "
FPG-XY64D2P ,40 ,PANASONIC 
IXFN32N120 ,40 ,IXYS 
R1S-0509/P ,40 ,RECOM 
RS2B-3.3K-1% ,40 ,Vishay Dale 
TDA 4860 ,40 ,Philips 
851P94234388064 ,39 ,ASTEC 
NTH519AA ,39 ,PULSE 
NTT529AB ,39 ,Pulse 
103166-3 ,38 ,TE / TYCO 
5586/51110M ,38 ,Steab 
62435 ,38 ,Devcon / Duco Cement 
8100-0453 ,38 ,Sumitomo 
ETG-5UV400-30 ,38 ,ETG 
MC33883DW ,38 ,Motorola 
TIP42C ,37 ,STM 
BACB40C5 ,35 ,MILITAR 
"BSS84AKT,115 ",35 ,NXP 
NTH519AN ,35 ,Pulse 
87499-4 ,33 ,TE / AMP 
L320DT90VI ,33 ,AMD 
102100-5 ,32 ,TE / TYCO 
006-0892-12 ,31 ,TE Deutsh 
LT1054CS8 ,31 ,Linear Tech / Analog Devices 
30-01UTC15463 ,30 ,Everlight 
93C46EN ,30 ,Fairchild 
EEU-FC1J102 ,30 ,Panasonic 
M-FIAM9H21 ,30 ,VICOR 
MC68HC68T1DW ,30 ,Motorola 
MTFC16GJDEC-4M IT ,30 ,"Micron Technology, Inc. "
XC56156FE60 ,30 ,Motorola 
1461353-2 ,26 ,TE 
AM27C256-70DC ,26 ,AMD 
NTH468AF ,26 ,Pulse 
PXI-6031E ,26 ,National Instruments 
08FFS-SP-TF ,25 ,JST 
22FMN-SMT-A-TF ,25 ,JST Manufacturing 
24-0010-0450 ,25 ,Spectrum Control Inc. 
24-0058-0230 ,25 ,Spectrum Control Inc. 
2483310 ,25 ,Escubedo 
43650-0415 ,25 ,Molex 
468AN-P ,25 ,Maxima Tech 
71V016SA20BFI ,25 ,Intergrated Device Technology 
78366995771 ,25 ,ILSCO 
D4-SL4-305 ,25 ,Southco 
HA2-2520-2 ,25 ,Intersil 
KA-51-02 ,25 ,Kings 
LPJ-15SP ,25 ,COOPER 
MA1206XR103K101PR ,25 ,MEGASTAR 
MAX1792EUA-25 ,25 ,Maxim Integrated 
P82C150AHT ,25 ,Philips 
102104-2 ,24 ,TE / TYCO 
COM81C17LJ P ,24 ,SMC 
SAA3049AP ,24 ,Philips 
C16-24411 ,23 ,Suspa 
TD8749H ,23 ,Intel 
XAP-10V-1 ,23 ,JST 
6945A-10D ,22 ,Anderson Fittings 
DS1100Z-50 ,22 ,Maxim Integrated 
UDN2595A ,21 ,Allegro Micro Systems 
0711-2-P7 ,20 ,Inalways 
1QM1-2-44A ,20 ,Airbus Industries 
2MBI200S-120 ,20 ,Fuji Electric 
2TJ3003-W05100 ,20 ,Multicomp 
56109NL ,20 ,Wolverine Brass 
6189-0101 ,20 ,SUMITOMO 
ADS1222IPWT ,20 ,Texas Instruments 
EEU-FM1C681 ,20 ,Panasonic 
FOD852S ,20 ,Fairchild Semiconductor 
HCPL-5231 # 300 ,20 ,Hewlett Packard 
K3745 ,20 ,On Semi 
LP2816A2500SNTR ,20 ,AVX 
MAX280CPA ,20 ,Maxim Integrated 
MG55 220M 5% ,20 ,Riedon Inc. 
MPX-334K2EB15.0 ,20 ,Supertech 
NTH495AA ,20 ,PULSE 
PGA204AU ,20 ,BB 
SAT-10 ,20 ,Mini-Circuits 
SP66 ,20 ,Triad 
TIBPAL16R6-10CN ,20 ,Texas Instruments 
TIBPAL16R8-10CN ,20 ,Texas Instruments 
UPD43256BCZ-70LL ,20 ,NEC 
YM 1045-00 ,20 ,Metlab 
ZZ-51ER2C100 ,20 ,Hangzhou Zhongzhi Industry Co. 
IRF460 ,19 ,International Rectifier Corp. 
MM74C93N ,19 ,NSC / FREESCAN 
QTK413AA ,19 ,Pulse 
Z85C3010VSC ,19 ,Zilog 
26-60-4160 ,18 ,Molex 
NTH519AM ,18 ,PULSE 
748366-1 ,17 ,Tyco/AMP 
74LS04N ,17 ,TI 
AN735C12 ,17 ,Umpco 
IRF7313 ,17 ,Infineon Technologies 
95001-2881 ,16 ,Molex 
CBB60 SH ,16 ,Wenling Star & Fire Capacitor Factory 
KDE0504PFB1-8 ,16 ,Sunon 
LM185H-2.5 ,16 ,Texas Instruments 
28BH11B ,15 ,MDL 
54-312-021 ,15 ,Spectrum 
674A2 ,15 ,Lucent Tech 
CA3102E14S-2SBF80 ,15 ,ITT Cannon 
HW025FG ,15 ,TE / Tyco Electronics 
MR2535LRL ,15 ,ON Semi 
PB0129 ,15 ,PULSE 
TCD31E1E475M ,15 ,Nippon Chemi-Con 
WL36-R230 ,15 ,SICK 
18835 ,14 ,Apem 
64-50-402-20 ,14 ,Southco 
D38999/26KH21PN ,14 ,Aero-Electric Connector 
PCI-6033E ,14 ,National Instruments 
S87C751-4N24 ,14 ,Philips 
391649-6C0 ,13 ,Hewlett-Packard 
4312-020-36640 ,13 ,Philips 
AM29LV400BB-120EI ,13 ,Spansion 
LQW18ANR33G00D ,13 ,MURATA 
VJ0805Y223MXBMT ,13 ,Vishay 
50CDP45-01-1-AJN ,12 ,Grayhill 
EPF10K130EFC672-1 ,12 ,Altera 
FU-47TZ ,12 ,KEYENCE 
LMC-SSC2P16ULGY-01 ,12 ,SDEC 
P87C380AER ,12 ,Philips 
QTK10001 ,12 ,Pulse 
TN80C196KR ,12 ,INTEL 
350415-1 ,11 ,TE Connectivity 
TFX 912P (TOP) ,11 ,Grinnell 
TLE4905L E6433XA ,11 ,INFINEON 
16HY0603 ,10 ,Moons 
1N5336B ,10 ,On Semi 
284-621 ,10 ,Wago 
32.5V 21W LIGHT BULB ,10 ,Wagner Lighting 
6189-2361 ,10 ,SUMITOMO 
"650-.18""Ø+.001/-.000x1.0... ",10 ,Ultra Tool 
99142A590 ,10 ,McMaster-Carr 
APT2X60D100J ,10 ,Microchip 
APT2X61D100J ,10 ,Microchip 
BYV26C-TR ,10 ,Vishay 
CCMT060204-KWM KCT... ,10 ,Mitsubishi 
CCMT060204-KWM1 KC... ,10 ,Mitsubishi 
CRCW120662R0FKEA ,10 ,Vishay 
CRCW1206910RJNEA ,10 ,Vishay 
CRCW2512330RJNEG ,10 ,VISHAY 
D4-AJ4-50 ,10 ,Southco 
EG2005-ND ,10 ,E-Switch 
FCX705TA ,10 ,Diodes Incorporated 
FF300R12KT4 ,10 ,INFINEON 
GSM Antenna ,10 ,Alegro 
M30624FGPGP#U3C ,10 ,RENESAS 
MN3611RE ,10 ,PANASONIC 
MSP-FET430UIF ,10 ,TI 
PAL16R8BCN ,10 ,MMI 
QTC05W-104C3 ,10 ,Quality Thermistor 
SI4056DYT1GE3 ,10 ,Vishay 
SN74LS192N ,10 ,Motorola 
ST6200CB1 ,10 ,STM 
TMS320F28335ZJZS ,10 ,Texas Instruments 
WH148-1A-2-20KO-B500K ,10 ,N/A 
WH148-1A-2-20KO-BIM ,10 ,N/A 
WH148-A-2-B500K ,10 ,N/A 
WH148-A-2-BIM ,10 ,N/A 
WL36-B230 ,10 ,Sick 
XC9572-15PC84C ,10 ,XILINX 
10 x PG09 ,9 ,ASC 
7283-1968-30 ,9 ,Yazaki 
BCM5708CKFBP22 ,9 ,Broadcom Limited 
C16-03670A ,9 ,Suspa 
CCMT-060204 KWM KC... ,9 ,Mitsubishi 
LQW18ANR39G00D ,9 ,MURATA 
MV6666T ,9 ,"QT Optoelectronics, Inc. "
MW189 ,9 ,N/A 
OM-141 ,9 ,OMEGA 
TDA5051AT ,9 ,Philips 
18-COHC ,8 ,Crouse Hinds 
21#032 ,8 ,Merkel 
24T5.15XC ,8 ,Calex 
2680S367 ,8 ,Buehler 
4135448 ,8 ,Siemens 
6700411713 ,8 ,Bergquist 
9-485-06-1P ,8 ,BAHCO / ERGO 
FBF36-7TLB ,8 ,FBELE 
FTP-632MCL302 ,8 ,Fujitsu 
LTC1998IS6#TRMPBF ,8 ,Linear Technology 
LTO-2300RCRS-02 ,8 ,SZ Gudyexing Opto 
SM-205Q/W ,8 ,Seco-Larm 
UWR-5/1600-D5A-C ,8 ,Datel 
121-M-221/04 ,7 ,Weco 
300W + 300W ATX ,7 ,POWMAX 
51-359-041 ,7 ,Spectrum 
AT89LV55 ,7 ,ATMEL 
E1369A ,7 ,Hewlitt-Packard 
LPK-100 ,7 ,Tooltronics 
QHP496AA ,7 ,Pulse 
0.047K ,6 ,DAIN 
0.22K ,6 ,Dain 
16700071 ,6 ,Oetiker 
9700-00-S9 ,6 ,Astec 
AD394JD ,6 ,Analog Devices 
AR-400 ,6 ,Enerpac 
D27C2001D-17 ,6 ,NEC 
EGPA500ELL681ML20S ,6 ,Nippondip 
ERJ-P06F6800V ,6 ,Panasonic 
HD63701Y0P ,6 ,HITACHI 
P10-14R-L ,6 ,Panduit 
PCI-6031E ,6 ,National Instruments 
RV16PDF-B500K ,6 ,Taiwan Alpha 
XC3S4000-4FG6761 ,6 ,XILINX 
XCF16PFS48C ,6 ,Xilinx 
24-0009-14 ,5 ,Spectrum Control Inc. 
24-0010-07 ,5 ,Spectrum Control Inc. 
29-008482D ,5 ,DIEBOLD 
61000012 ,5 ,PLASKOLITE 
"650SPL .0984"" Ø ",5 ,Ultratool 
"650SPL.0984""Ø(2.5MM)+/... ",5 ,Ultra Tool 
87439-1000 ,5 ,Molex 
88JB2-262 ,5 ,Grayhill 
AT22V10L-25GM/883 ,5 ,ATMEL 
CP645 ,5 ,Vision 
DMS3057-12AK ,5 ,DDK 
FQPF17N40 ,5 ,Fairchild Semiconductor 
FTA302EF102P ,5 ,MARUWA 
IXFB100N50P ,5 ,Ixys Corp 
KKA17-E 18K J ,5 ,Draloric 
M83461/1-427 ,5 ,Darco Inc. 
MC74ACT74D ,5 ,ON Semi 
MKP3V240RL ,5 ,On Semi 
MLX90804 ,5 ,"Melexis, Inc. "
MWD130487900 ,5 ,SCHNEIDER 
OPB665T ,5 ,OPTEK 
PISG-470M-01 ,5 ,FASTRON 
RGBR-55004 ,5 ,RedFish 
RH510M339AT99NG ,5 ,Trelleborg 
SD50F10JVLX ,5 ,Positronic Industries 
Socket ,5 ,Alegro 
TDE1897RDP ,5 ,STM 
TX1473 ,5 ,Pulse Electronics Corporation 
U-PKZ0 ,5 ,MOELLER / EATON 
UWT1E470MCR1GB ,5 ,Nichicon 
YM2378 ,5 ,METLAB 
0603AS-1N8J-01 ,4 ,FASTRON 
0805AS-3N3J-01 ,4 ,FASTRON 
1008AS-R33J-01 ,4 ,FASTRON 
10093084-2010LF ,4 ,FCI 
100S-1R 6SD40N60-CF2 ,4 ,Taiyo Parker 
10101497-2010LF ,4 ,FCI 
11631-090 ,4 ,Hartman 
228709-1 ,4 ,Industrial Fiberoptics 
44A515072-001 ,4 ,Southco 
501506-1 ,4 ,AMP 
AK524 ,4 ,GAST 
ASM19K5282 ,4 ,IBM 
BSSS-10E ,4 ,Ameritool 
CCSH-102J-04 ,4 ,FASTRON 
CCSH-103J-00 ,4 ,FASTRON 
CCSS-152J-01 ,4 ,FASTRON 
CCSS-182J-01 ,4 ,FASTRON 
DSEP2X61-12A ,4 ,IXYS 
E1370A ,4 ,Hewlitt-Packard 
HACC-150K-02 ,4 ,FASTRON 
HPF2013A ,4 ,Panasonic 
JS-608RA-0-B/B-2 ,4 ,Jackson Electronics 
M20-6103245 ,4 ,Harwin 
MICC-5R6K-02 ,4 ,FASTRON 
MIL-PRF-81322/MOVIL28 ,4 ,Mobil 
MMICC-100K-02 ,4 ,FASTRON 
NTH477AF ,4 ,Pulse 
NTH526AA ,4 ,Pulse 
RB08-PC ,4 ,Custom C 
RHT20 ,4 ,EXTECH 
SBO250-0.075E1/112U-2... ,4 ,HYDAC 
SMCC-220K-00 ,4 ,FASTRON 
SN74LS32N ,4 ,Texas Instruments 
UMR1E470 ,4 ,Nichicon 
VHBCC-150K-01 ,4 ,FASTRON 
VHBCC-331K-01 ,4 ,FASTRON 
120627-061 ,3 ,Zebra Technologies 
1586037-4 ,3 ,TE / Tyco 
39-501-BLK ,3 ,Grayhill 
3C905C-TX-M ,3 ,3COM 
5095-670 ,3 ,OBO Bettermann 
"6002171 3/4"" OB-30 ",3 ,ARMSTRONG 
6002251 2 Meter capillary ,3 ,ARMSTRONG 
9FN066-038 ,3 ,Seagate 
AH-604 ,3 ,Enerpac 
DLM2HGN601SZ3L ,3 ,Murata 
FX631AV ,3 ,LSI Logic 
G7J-4A-T DC24 ,3 ,OMRON 
ICD2051SC-1 ,3 ,CYPRESS 
LM240WU7-SLB1 ,3 ,LG 
LM340K-5.0 ,3 ,National Semiconductor 
M48T59Y-70PC1U ,3 ,STM 
MC3372D ,3 ,Motorola 
PS1571-206GB-L ,3 ,Amtek Tech 
S281UC-K4 ,3 ,ABB 
SRP5030TA-100M ,3 ,Bourns Inc. 
T165 HCD6138(20)P/TSD... ,3 ,Botel 
TDA1185A ,3 ,American Microsemiconductor 
TDA8172 ,3 ,ST Micro 
TT-800 CID ,3 ,TECHTEL 
11Pinsocket ,2 ,Alegro 
182788C-01 (SCB-100) ,2 ,National Instruments 
182853C-02 ,2 ,National Instruments 
209-501 ,2 ,Wago 
237C700G-1 ,2 ,GE 
262-0179-000 ,2 ,Rockwell Collins 
287526-B ,2 ,Moog Southern 
2N5108 ,2 ,New Jersey Semiconductor 
300-12D ,2 ,AVMATS 
30058 ,2 ,Ruwac 
39-01-3042 ,2 ,Molex 
3R-A0925-AA ,2 ,COMPAQ 
41B512292P1 ,2 ,General Electric 
544 ,2 ,ORION 
55.34.9.024.0000 ,2 ,Finder 
55.34.9.024.0094 ,2 ,FINDER 
602-9010 ,2 ,EMB Corporation 
650 - .180”Ø+.001/-.000 x ... ,2 ,ULTRA TOOL 
6874924-3 ,2 ,Rolls Royce 
754 ,2 ,ORION 
7D100D-050EHR ,2 ,Fuji Electric 
8211 CPA ,2 ,Maxim Integrated 
8501 ,2 ,Kessler Thermometer Corp. 
94.04SPA ,2 ,FINDER 
940002-064 ,2 ,Seagate 
AD-S42120B ,2 ,Casio 
AD594CD ,2 ,Analog Devices 
AFM20-310-M ,2 ,Durakool 
CBB60-10uF ,2 ,DINGFENG 
CBB60-20uF ,2 ,DINGFENG 
CBB60-3uF ,2 ,DINGFENG 
CBB60-6uF ,2 ,DINGFENG 
D226-002F ,2 ,Elmwood 
D38999-24WB98PB ,2 ,Aero / Amphenol 
DSP-800 F/F ,2 ,BIRCH 
ES-356 ,2 ,Heanium Industries 
FT-199CID ,2 ,Fujitel 
GA-4 ,2 ,Enerpac 
HP F2098A ,2 ,HP 
HTE721010G9AT00 ,2 ,Hitachi 
HYS64V32220GDL-7.5-C2 ,2 ,Infineon 
IRKH56/12A ,2 ,International Rectifier Corp. 
JS18-K ,2 ,Fujitsu 
LP30180-003B ,2 ,JVC 
LS2208-SR20001R ,2 ,Motorola/Symbol 
MB90092 ,2 ,FUJITSU 
MBRD10200CT ,2 ,Littelfuse 
MG730-92.0 M-5% ,2 ,Caddock 
Omega 1900BT ,2 ,Omega 
OPA2277UA ,2 ,Texas Instruments 
P26/16-3C91 ,2 ,Ferroxcube 
R5F72512BGV ,2 ,RENESAS 
S1D13806F00A2 ,2 ,Epson 
S201-Z0.5 ,2 ,ABB 
SFM070WX9-ADV-R ,2 ,Sunful 
SKR26/08 ,2 ,Semikron 
THS4121CDG4 ,2 ,Texas Instruments 
TLS2-GD2 ,2 ,Allen Bradley 
UC3709 DW ,2 ,Texas Instruments 
VG96912D10-35PN ,2 ,ITT / Cannon 
007-00078-0001 ,1 ,Honeywell 
02235-69032 ,1 ,Hewlett Packard 
0401-0588-2 ,1 ,Elk Lake 
0MA4 ,1 ,NUMATICS 
1070047018-105 ,1 ,Bosch 
109P1224H4021 ,1 ,SANYO DENKI 
109R306 ,1 ,Xerox 
113768 ,1 ,Precision Components Inc. 
12010 ,1 ,4 Seasons 
14401366 ,1 ,BeA 
1506SC ,1 ,Marathon 
193077C8-91 ,1 ,TEAC 
22050-001 ,1 ,Powermate / AT&T 
339016 ,1 ,RBM 
3604B001 ,1 ,CANON 
3606B001 ,1 ,CANON 
4.256 ,1 ,GE-Fanuc 
472061 ,1 ,Essentra 
472076 ,1 ,Essentra 
47790 ,1 ,Ridgid 
4A1007601 ,1 ,GENICOM 
4D34FT7 ,1 ,Leeson Electric 
5043ED1K000F12AF5 ,1 ,Vishay 
5064-6764 ,1 ,HEWLETT-PACKARD 
520935-2 ,1 ,Tyco 
54-25563-01 ,1 ,Compaq 
582-10A4B0C3 1228 ,1 ,EATON 
5WU88 ,1 ,Recoil 
5WU98 ,1 ,Recoil 
60926 ,1 ,3M 
"650 .1240 + .001/-.000 x2.0"" ",1 ,ULTRA TOOL 
79F4819 ,1 ,IBM 
83-005 ,1 ,STANLEY 
852519 MIC ,1 ,MAHLE 
8533-1Y08-03PN ,1 ,Souriau 
895 ,1 ,American Biltrite 
A-1622 ,1 ,Aerosonic Corp. 
ACRONIS-2013 ,1 ,Acronis 
AD624BD ,1 ,Analog Devices 
ADS5121IZHK ,1 ,Texas Instruments 
AFS-EVAL-KIT ,1 ,ACTEL 
AG340 ,1 ,Gast Mfg 
AG9050S ,1 ,Silver Telecom 
AP8M222-G ,1 ,IDEC 
APPL32-24-264 ,1 ,A+P 
APT2X101D60J ,1 ,Microchip / Microsemi Corp. 
AS7C34098-12TI ,1 ,Alliance 
AT80C32X2-SLSUM ,1 ,ATMEL 
AVX-BESTCAP ,1 ,AVX 
BCM3033 KEF ,1 ,Broadcom Limited 
BCM53125MKMML ,1 ,Broadcom 
BTP-3201 ,1 ,Panasonic 
CABL-013 ,1 ,ROBOHAND 
CIMR-30JP3-1B00M ,1 ,Yaskawa 
CSRRB2 ,1 ,Chemspec 
D38999-24WC35SN ,1 ,Amphenol 
DPS-500XB A ,1 ,Fujitsu 
E-105765-L ,1 ,Underwriters Laboratories 
E1366A ,1 ,Hewlitt-Packard 
E939D1 ,1 ,Chatham-Kent 
EDGF0600R1920KXB00 ,1 ,Vishay Milwaukee 
Equotip3 ,1 ,Proceq 
F2VB-14A459-B ,1 ,Ford 
FCL-GFWW ,1 ,KILLARK 
GPIB-ENET/100 ,1 ,National Instruments 
HP F1781A ,1 ,HP 
INSULATED CONNECTI... ,1 ,N/A 
J1012F01CNL ,1 ,Pulse 
JFS524 ,1 ,Netgear 
JZSP-BA01 ER3V/3.6V ,1 ,Yaskawa 
L6005 ,1 ,Legacy 
LC 020B 09 M ,1 ,Lee Spring 
LM5642EVAL-R ,1 ,National Semiconductor 
LM5642EVAL-V ,1 ,National Semiconductor 
M14D5121632A-2.5BIG2H ,1 ,ESMT 
M27C512-15F6 ,1 ,STM 
MC68HC000P12 ,1 ,Motorola 
MLJ1005B010H00C ,1 ,GE 
MN-EPB32NCC ,1 ,Millennium Filter 
MPL-B4530K-SJ22AA ,1 ,Allen Bradley 
MRL125DLR-MPLLRD ,1 ,C3 CONTROL CENTER 
MS20392-1C23 ,1 ,Military Standard 
MSP-GANG430 ,1 ,TI 
MT8VDDT3264AG335C4 ,1 ,"Micron Technology, Inc. "
NAS1395C4L ,1 ,Acme 
NH2 ,1 ,ELECTROMEC 
OPP2-80-C1 ,1 ,OMIL 
PCC-SMP-J ,1 ,NEWPORT ELECT 
PI-0B-87-2TS0A4-8519A ,1 ,Nachi 
PX-M3 ,1 ,Bahco Tools 
PXI-1031 OEM ,1 ,National Instruments 
R141780000 ,1 ,Radiall 
RG0-1001-000 ,1 ,Hewlett Packard 
RS-207-6 ,1 ,Kori Seiki Mfg 
RZ7-FEF1TU22 ,1 ,Sprecher & Schuh 
SAB 80C517A-N18-T3 ,1 ,Infineon 
SB72-300CR ,1 ,NetBurner 
SLRSO-4-C2-6160 ,1 ,Mason Industries Inc. 
SMA Socket ,1 ,Alegro 
SN-KZPCA-AX ,1 ,Hewlett Packard 
SRE610BZV ,1 ,EUROCOPTER 
STD- P080 ,1 ,DATALOGIC 
TD2410 ,1 ,Crydom 
TIM1112-4 ,1 ,Toshiba 
TJA1029T/20/1J ,1 ,NXP 
TKFEU52 (UNTEN) ,1 ,FUCHS 
VCA8617PAGT ,1 ,Texas Instruments 
VE4065B3005 ,1 ,Honeywell 
WL12-2B560 ,1 ,Sick Electronics NZ 
XC6VLX130T-L1FF484I ,1 ,Xillinx 
